INSERT INTO SEC_GROUP (ID,CREATE_TS,CREATED_BY,VERSION,NAME,PARENT_ID)
VALUES ('888ea8bbc4649d41fbdf7bc0f37855cb',{ts '2016-05-09 10:57:39.975000000'},'admin',1,'Clients','0fa2b1a51d684d699fbddff348347f93');

INSERT INTO SEC_GROUP (ID,CREATE_TS,CREATED_BY,VERSION,NAME,PARENT_ID)
VALUES ('1f02f531d6d99abdff0d4a64a47d5486',{ts '2016-05-09 10:58:18.794000000'},'admin',1,'Sirius Cybernetics Corp.','888ea8bbc4649d41fbdf7bc0f37855cb');

INSERT INTO SEC_GROUP (ID,CREATE_TS,CREATED_BY,VERSION,NAME,PARENT_ID)
VALUES ('e571013b664d000572cf5af3dfa6d3e9',{ts '2016-05-09 10:58:01.173000000'},'admin',1,'Stark Industries','888ea8bbc4649d41fbdf7bc0f37855cb');


INSERT INTO SEC_GROUP_HIERARCHY (ID,CREATE_TS,CREATED_BY,GROUP_ID,PARENT_ID,HIERARCHY_LEVEL)
VALUES ('84974be1c7d8b743a6ea529a96cf27db',{ts '2016-05-09 10:57:39.984000000'},'admin','888ea8bbc4649d41fbdf7bc0f37855cb','0fa2b1a51d684d699fbddff348347f93',0);

INSERT INTO SEC_GROUP_HIERARCHY (ID,CREATE_TS,CREATED_BY,GROUP_ID,PARENT_ID,HIERARCHY_LEVEL)
VALUES ('c643a3d8c2fdd2f1612ad1717bc75ca7',{ts '2016-05-09 10:58:01.186000000'},'admin','e571013b664d000572cf5af3dfa6d3e9','0fa2b1a51d684d699fbddff348347f93',0);

INSERT INTO SEC_GROUP_HIERARCHY (ID,CREATE_TS,CREATED_BY,GROUP_ID,PARENT_ID,HIERARCHY_LEVEL)
VALUES ('d375c62e96a0cdc6f3047c42dffb86cc',{ts '2016-05-09 10:58:18.801000000'},'admin','1f02f531d6d99abdff0d4a64a47d5486','0fa2b1a51d684d699fbddff348347f93',0);

INSERT INTO SEC_GROUP_HIERARCHY (ID,CREATE_TS,CREATED_BY,GROUP_ID,PARENT_ID,HIERARCHY_LEVEL)
VALUES ('2b2a145726725e7dadb4463686a30fd0',{ts '2016-05-09 10:58:18.801000000'},'admin','1f02f531d6d99abdff0d4a64a47d5486','888ea8bbc4649d41fbdf7bc0f37855cb',1);

INSERT INTO SEC_GROUP_HIERARCHY (ID,CREATE_TS,CREATED_BY,GROUP_ID,PARENT_ID,HIERARCHY_LEVEL)
VALUES ('5698abf8753bed7395b4f3f228496ceb',{ts '2016-05-09 10:58:01.186000000'},'admin','e571013b664d000572cf5af3dfa6d3e9','888ea8bbc4649d41fbdf7bc0f37855cb',1);


INSERT INTO SEC_SESSION_ATTR (ID,CREATE_TS,CREATED_BY,VERSION,NAME,STR_VALUE,DATATYPE,GROUP_ID)
VALUES ('4921539c93c481b7f1616e84cb7abbeb',{ts '2016-05-09 11:02:54.805000000'},'admin',1,'client_id','2','int','1f02f531d6d99abdff0d4a64a47d5486');

INSERT INTO SEC_SESSION_ATTR (ID,CREATE_TS,CREATED_BY,VERSION,NAME,STR_VALUE,DATATYPE,GROUP_ID)
VALUES ('85ce060ebe3d1a49a5dd9af0ee0e145b',{ts '2016-05-09 11:02:41.836000000'},'admin',1,'client_id','1','int','e571013b664d000572cf5af3dfa6d3e9');


INSERT INTO SEC_CONSTRAINT (ID,CREATE_TS,CREATED_BY,VERSION,CHECK_TYPE,OPERATION_TYPE,ENTITY_NAME,JOIN_CLAUSE,WHERE_CLAUSE,GROOVY_SCRIPT,FILTER_XML,IS_ACTIVE,GROUP_ID)
VALUES ('5dec7a21f2b47858140a8047b4bbe4b2',{ts '2016-05-09 11:04:43.172000000'},'admin',1,'db','read','saas$Customer',null,'{E}.client = :session$client_id',null,'<?xml version="1.0" encoding="UTF-8"?>\n\n<filter>\n  <and>\n    <c name="client" class="java.lang.Integer" operatorType="EQUAL" width="1" type="PROPERTY"><![CDATA[queryEntity.client = :component$filterWithoutId.client81566]]>\n      <param name="component$filterWithoutId.client81566" javaClass="java.lang.Integer">NULL</param>\n    </c>\n  </and>\n</filter>\n',1,'888ea8bbc4649d41fbdf7bc0f37855cb');

INSERT INTO SEC_CONSTRAINT (ID,CREATE_TS,CREATED_BY,VERSION,CHECK_TYPE,OPERATION_TYPE,ENTITY_NAME,JOIN_CLAUSE,WHERE_CLAUSE,GROOVY_SCRIPT,FILTER_XML,IS_ACTIVE,GROUP_ID)
VALUES ('66d2f1ae4d6f22597e89728b8885b3ea',{ts '2016-05-09 11:05:21.153000000'},'admin',1,'db','read','saas$Order',null,'{E}.client = :session$client_id',null,null,1,'888ea8bbc4649d41fbdf7bc0f37855cb');

INSERT INTO SEC_CONSTRAINT (ID,CREATE_TS,CREATED_BY,VERSION,CHECK_TYPE,OPERATION_TYPE,ENTITY_NAME,JOIN_CLAUSE,WHERE_CLAUSE,GROOVY_SCRIPT,FILTER_XML,IS_ACTIVE,GROUP_ID)
VALUES ('68bf0408f455f6c5f77829ee4591575d',{ts '2016-05-09 11:15:04.171000000'},'admin',1,'db','read','sec$Group',null,'{E}.id in (select h.group.id from sec$GroupHierarchy h where h.group.id = :session$userGroupId or h.parent.id = :session$userGroupId)',null,null,1,'888ea8bbc4649d41fbdf7bc0f37855cb');

INSERT INTO SEC_CONSTRAINT (ID,CREATE_TS,CREATED_BY,VERSION,CHECK_TYPE,OPERATION_TYPE,ENTITY_NAME,JOIN_CLAUSE,WHERE_CLAUSE,GROOVY_SCRIPT,FILTER_XML,IS_ACTIVE,GROUP_ID)
VALUES ('8bf946251c624686d8bfbdd62b702d4e',{ts '2016-05-09 11:26:29.742000000'},'admin',3,'db','read','sec$Role',null,'{E}.name like ''client_%''',null,'<?xml version="1.0" encoding="UTF-8"?>\n\n<filter>\n  <and>\n    <c name="name" class="java.lang.String" operatorType="STARTS_WITH" width="1" type="PROPERTY"><![CDATA[queryEntity.name like :component$filterWithoutId.name88818 ESCAPE ''\' ]]>\n      <param name="component$filterWithoutId.name88818" javaClass="java.lang.String">client_</param>\n    </c>\n  </and>\n</filter>\n',1,'888ea8bbc4649d41fbdf7bc0f37855cb');

INSERT INTO SEC_CONSTRAINT (ID,CREATE_TS,CREATED_BY,VERSION,CHECK_TYPE,OPERATION_TYPE,ENTITY_NAME,JOIN_CLAUSE,WHERE_CLAUSE,GROOVY_SCRIPT,FILTER_XML,IS_ACTIVE,GROUP_ID)
VALUES ('e2700808eb38aa75a554dfaf28aad84f',{ts '2016-05-09 11:19:41.404000000'},'admin',1,'db','read','sec$User',null,'{E}.group.id in (select h.group.id from sec$GroupHierarchy h where h.group.id = :session$userGroupId or h.parent.id = :session$userGroupId)',null,null,1,'888ea8bbc4649d41fbdf7bc0f37855cb');


INSERT INTO SEC_ROLE (ID,CREATE_TS,CREATED_BY,VERSION,NAME,LOC_NAME,DESCRIPTION,IS_DEFAULT_ROLE,ROLE_TYPE)
VALUES ('50e7762e624baa1d69752f773a735c15',{ts '2016-05-09 11:29:26.516000000'},'admin',1,'Users',null,'Default role for client users',1,null);

INSERT INTO SEC_ROLE (ID,CREATE_TS,CREATED_BY,VERSION,NAME,LOC_NAME,DESCRIPTION,IS_DEFAULT_ROLE,ROLE_TYPE)
VALUES ('4082fc82562a346cfddb6cca3a88d500',{ts '2016-05-09 12:04:58.474000000'},'admin',1,'client_admins',null,null,null,null);

INSERT INTO SEC_ROLE (ID,CREATE_TS,CREATED_BY,VERSION,NAME,LOC_NAME,DESCRIPTION,IS_DEFAULT_ROLE,ROLE_TYPE)
VALUES ('ce3c39ab0b5adfc1e3b7918e2fee1c22',{ts '2016-05-09 12:05:11.131000000'},'admin',1,'client_users',null,null,0,null);


INSERT INTO SEC_PERMISSION (ID,CREATE_TS,CREATED_BY,VERSION,UPDATE_TS,UPDATED_BY,DELETE_TS,DELETED_BY,PERMISSION_TYPE,TARGET,VALUE_,ROLE_ID) VALUES ('042ea2d90b4a8ade7c9f295923f68f76',{ts '2016-05-09 12:38:26.532000000'},'admin',2,{ts '2016-05-09 12:38:26.532000000'},null,{ts '2016-05-09 12:42:59.948000000'},'admin',10,'sys$ScheduledTask.browse',0,'ce3c39ab0b5adfc1e3b7918e2fee1c22');
INSERT INTO SEC_PERMISSION (ID,CREATE_TS,CREATED_BY,VERSION,UPDATE_TS,UPDATED_BY,DELETE_TS,DELETED_BY,PERMISSION_TYPE,TARGET,VALUE_,ROLE_ID) VALUES ('07cccca4b77a3637416bb1c55b32b551',{ts '2016-05-09 12:38:26.533000000'},'admin',1,{ts '2016-05-09 12:38:26.533000000'},null,null,null,20,'saas$PaymentMethod:create',0,'ce3c39ab0b5adfc1e3b7918e2fee1c22');
INSERT INTO SEC_PERMISSION (ID,CREATE_TS,CREATED_BY,VERSION,UPDATE_TS,UPDATED_BY,DELETE_TS,DELETED_BY,PERMISSION_TYPE,TARGET,VALUE_,ROLE_ID) VALUES ('0844549d96a3fd449f76a00f934fffb0',{ts '2016-05-09 12:38:26.533000000'},'admin',2,{ts '2016-05-09 12:38:26.533000000'},null,{ts '2016-05-09 12:42:59.964000000'},'admin',10,'sec$Role.browse',0,'ce3c39ab0b5adfc1e3b7918e2fee1c22');
INSERT INTO SEC_PERMISSION (ID,CREATE_TS,CREATED_BY,VERSION,UPDATE_TS,UPDATED_BY,DELETE_TS,DELETED_BY,PERMISSION_TYPE,TARGET,VALUE_,ROLE_ID) VALUES ('2116a40259679bd103edd56707004579',{ts '2016-05-09 12:42:37.962000000'},'admin',1,{ts '2016-05-09 12:42:37.962000000'},null,null,null,10,'sec$User.browse',0,'50e7762e624baa1d69752f773a735c15');
INSERT INTO SEC_PERMISSION (ID,CREATE_TS,CREATED_BY,VERSION,UPDATE_TS,UPDATED_BY,DELETE_TS,DELETED_BY,PERMISSION_TYPE,TARGET,VALUE_,ROLE_ID) VALUES ('213bc537355ccc353a97b86fd96ff1a9',{ts '2016-05-09 12:42:37.964000000'},'admin',1,{ts '2016-05-09 12:42:37.964000000'},null,null,null,10,'appProperties',0,'50e7762e624baa1d69752f773a735c15');
INSERT INTO SEC_PERMISSION (ID,CREATE_TS,CREATED_BY,VERSION,UPDATE_TS,UPDATED_BY,DELETE_TS,DELETED_BY,PERMISSION_TYPE,TARGET,VALUE_,ROLE_ID) VALUES ('27c9aa77332d96e06c68512e09d47c04',{ts '2016-05-09 12:42:37.962000000'},'admin',1,{ts '2016-05-09 12:42:37.962000000'},null,null,null,10,'entityInspector.browse',0,'50e7762e624baa1d69752f773a735c15');
INSERT INTO SEC_PERMISSION (ID,CREATE_TS,CREATED_BY,VERSION,UPDATE_TS,UPDATED_BY,DELETE_TS,DELETED_BY,PERMISSION_TYPE,TARGET,VALUE_,ROLE_ID) VALUES ('29fbf7943210842cf5932452c61ad7b9',{ts '2016-05-09 12:38:26.533000000'},'admin',2,{ts '2016-05-09 12:38:26.533000000'},null,{ts '2016-05-09 12:42:59.961000000'},'admin',10,'sys$Category.browse',0,'ce3c39ab0b5adfc1e3b7918e2fee1c22');
INSERT INTO SEC_PERMISSION (ID,CREATE_TS,CREATED_BY,VERSION,UPDATE_TS,UPDATED_BY,DELETE_TS,DELETED_BY,PERMISSION_TYPE,TARGET,VALUE_,ROLE_ID) VALUES ('2eff2301f779984e7863d3846b415880',{ts '2016-05-09 12:38:26.533000000'},'admin',2,{ts '2016-05-09 12:38:26.533000000'},null,{ts '2016-05-09 12:42:59.957000000'},'admin',10,'performanceStatistics',0,'ce3c39ab0b5adfc1e3b7918e2fee1c22');
INSERT INTO SEC_PERMISSION (ID,CREATE_TS,CREATED_BY,VERSION,UPDATE_TS,UPDATED_BY,DELETE_TS,DELETED_BY,PERMISSION_TYPE,TARGET,VALUE_,ROLE_ID) VALUES ('366764fd6a126d11ac56c605e2a504bd',{ts '2016-05-09 12:38:26.533000000'},'admin',2,{ts '2016-05-09 12:38:26.533000000'},null,{ts '2016-05-09 12:42:59.963000000'},'admin',10,'sec$UserSessionEntity.browse',0,'ce3c39ab0b5adfc1e3b7918e2fee1c22');
INSERT INTO SEC_PERMISSION (ID,CREATE_TS,CREATED_BY,VERSION,UPDATE_TS,UPDATED_BY,DELETE_TS,DELETED_BY,PERMISSION_TYPE,TARGET,VALUE_,ROLE_ID) VALUES ('3957be1923637687cda5381784e5d3eb',{ts '2016-05-09 12:42:37.963000000'},'admin',1,{ts '2016-05-09 12:42:37.963000000'},null,null,null,10,'sec$Group.browse',0,'50e7762e624baa1d69752f773a735c15');
INSERT INTO SEC_PERMISSION (ID,CREATE_TS,CREATED_BY,VERSION,UPDATE_TS,UPDATED_BY,DELETE_TS,DELETED_BY,PERMISSION_TYPE,TARGET,VALUE_,ROLE_ID) VALUES ('3a9ae29dc3e5530477e001044e690e11',{ts '2016-05-09 11:29:26.516000000'},'admin',2,{ts '2016-05-09 11:29:26.516000000'},null,{ts '2016-05-09 11:56:56.775000000'},'admin',20,'sec$Role:read',0,'50e7762e624baa1d69752f773a735c15');
INSERT INTO SEC_PERMISSION (ID,CREATE_TS,CREATED_BY,VERSION,UPDATE_TS,UPDATED_BY,DELETE_TS,DELETED_BY,PERMISSION_TYPE,TARGET,VALUE_,ROLE_ID) VALUES ('3b874cc4116f5353ac608278686db21d',{ts '2016-05-09 12:42:37.963000000'},'admin',1,{ts '2016-05-09 12:42:37.963000000'},null,null,null,10,'entityRestore',0,'50e7762e624baa1d69752f773a735c15');
INSERT INTO SEC_PERMISSION (ID,CREATE_TS,CREATED_BY,VERSION,UPDATE_TS,UPDATED_BY,DELETE_TS,DELETED_BY,PERMISSION_TYPE,TARGET,VALUE_,ROLE_ID) VALUES ('3cdaf0fecb5f569a8500a5bce52befcb',{ts '2016-05-09 12:38:26.534000000'},'admin',1,{ts '2016-05-09 12:38:26.534000000'},null,null,null,20,'saas$PaymentMethod:update',0,'ce3c39ab0b5adfc1e3b7918e2fee1c22');
INSERT INTO SEC_PERMISSION (ID,CREATE_TS,CREATED_BY,VERSION,UPDATE_TS,UPDATED_BY,DELETE_TS,DELETED_BY,PERMISSION_TYPE,TARGET,VALUE_,ROLE_ID) VALUES ('40f28a86b9de9dbfa9aa17f7079fdd9c',{ts '2016-05-09 11:56:56.772000000'},'admin',1,{ts '2016-05-09 11:56:56.772000000'},null,null,null,20,'sec$Role:update',0,'50e7762e624baa1d69752f773a735c15');
INSERT INTO SEC_PERMISSION (ID,CREATE_TS,CREATED_BY,VERSION,UPDATE_TS,UPDATED_BY,DELETE_TS,DELETED_BY,PERMISSION_TYPE,TARGET,VALUE_,ROLE_ID) VALUES ('48d1499edc4cf4f4d46e1022067c1770',{ts '2016-05-09 12:42:37.963000000'},'admin',1,{ts '2016-05-09 12:42:37.963000000'},null,null,null,10,'sys$ScheduledTask.browse',0,'50e7762e624baa1d69752f773a735c15');
INSERT INTO SEC_PERMISSION (ID,CREATE_TS,CREATED_BY,VERSION,UPDATE_TS,UPDATED_BY,DELETE_TS,DELETED_BY,PERMISSION_TYPE,TARGET,VALUE_,ROLE_ID) VALUES ('4daeda43e9c7542eabb9ce0545919d6b',{ts '2016-05-09 12:38:58.402000000'},'admin',1,{ts '2016-05-09 12:38:58.402000000'},null,null,null,10,'sec$User.browse',1,'4082fc82562a346cfddb6cca3a88d500');
INSERT INTO SEC_PERMISSION (ID,CREATE_TS,CREATED_BY,VERSION,UPDATE_TS,UPDATED_BY,DELETE_TS,DELETED_BY,PERMISSION_TYPE,TARGET,VALUE_,ROLE_ID) VALUES ('4fdddc00427657e394b7ebff49af45d0',{ts '2016-05-09 12:38:26.534000000'},'admin',2,{ts '2016-05-09 12:38:26.534000000'},null,{ts '2016-05-09 12:42:59.968000000'},'admin',10,'appProperties',0,'ce3c39ab0b5adfc1e3b7918e2fee1c22');
INSERT INTO SEC_PERMISSION (ID,CREATE_TS,CREATED_BY,VERSION,UPDATE_TS,UPDATED_BY,DELETE_TS,DELETED_BY,PERMISSION_TYPE,TARGET,VALUE_,ROLE_ID) VALUES ('572d958c9ee59970f62d77a4e7963fc3',{ts '2016-05-09 12:38:26.533000000'},'admin',2,{ts '2016-05-09 12:38:26.533000000'},null,{ts '2016-05-09 12:42:59.952000000'},'admin',10,'sys$FileDescriptor.browse',0,'ce3c39ab0b5adfc1e3b7918e2fee1c22');
INSERT INTO SEC_PERMISSION (ID,CREATE_TS,CREATED_BY,VERSION,UPDATE_TS,UPDATED_BY,DELETE_TS,DELETED_BY,PERMISSION_TYPE,TARGET,VALUE_,ROLE_ID) VALUES ('5d400f39886b0cb368ee7b22395a8f57',{ts '2016-05-09 12:38:26.532000000'},'admin',2,{ts '2016-05-09 12:38:26.532000000'},null,{ts '2016-05-09 12:42:59.942000000'},'admin',10,'serverLog',0,'ce3c39ab0b5adfc1e3b7918e2fee1c22');
INSERT INTO SEC_PERMISSION (ID,CREATE_TS,CREATED_BY,VERSION,UPDATE_TS,UPDATED_BY,DELETE_TS,DELETED_BY,PERMISSION_TYPE,TARGET,VALUE_,ROLE_ID) VALUES ('675c8a5c3151040ea90d5c40a8c8ac46',{ts '2016-05-09 12:38:26.534000000'},'admin',2,{ts '2016-05-09 12:38:26.534000000'},null,{ts '2016-05-09 12:42:59.967000000'},'admin',10,'sys$LockInfo.browse',0,'ce3c39ab0b5adfc1e3b7918e2fee1c22');
INSERT INTO SEC_PERMISSION (ID,CREATE_TS,CREATED_BY,VERSION,UPDATE_TS,UPDATED_BY,DELETE_TS,DELETED_BY,PERMISSION_TYPE,TARGET,VALUE_,ROLE_ID) VALUES ('69898247167b53226af3ffc7a5348e30',{ts '2016-05-09 12:38:26.533000000'},'admin',2,{ts '2016-05-09 12:38:26.533000000'},null,{ts '2016-05-09 12:42:59.951000000'},'admin',10,'sys$SendingMessage.browse',0,'ce3c39ab0b5adfc1e3b7918e2fee1c22');
INSERT INTO SEC_PERMISSION (ID,CREATE_TS,CREATED_BY,VERSION,UPDATE_TS,UPDATED_BY,DELETE_TS,DELETED_BY,PERMISSION_TYPE,TARGET,VALUE_,ROLE_ID) VALUES ('74bd74972c53932018078767b5d6a1d7',{ts '2016-05-09 12:38:26.534000000'},'admin',2,{ts '2016-05-09 12:38:26.534000000'},null,{ts '2016-05-09 12:42:59.965000000'},'admin',10,'entityRestore',0,'ce3c39ab0b5adfc1e3b7918e2fee1c22');
INSERT INTO SEC_PERMISSION (ID,CREATE_TS,CREATED_BY,VERSION,UPDATE_TS,UPDATED_BY,DELETE_TS,DELETED_BY,PERMISSION_TYPE,TARGET,VALUE_,ROLE_ID) VALUES ('7577c0d53605648f824bcbbef0118f40',{ts '2016-05-09 12:38:26.533000000'},'admin',2,{ts '2016-05-09 12:38:26.533000000'},null,{ts '2016-05-09 12:42:59.954000000'},'admin',10,'entityLog',0,'ce3c39ab0b5adfc1e3b7918e2fee1c22');
INSERT INTO SEC_PERMISSION (ID,CREATE_TS,CREATED_BY,VERSION,UPDATE_TS,UPDATED_BY,DELETE_TS,DELETED_BY,PERMISSION_TYPE,TARGET,VALUE_,ROLE_ID) VALUES ('761e398ffbb58c509e2cb502621177f9',{ts '2016-05-09 12:42:37.963000000'},'admin',1,{ts '2016-05-09 12:42:37.963000000'},null,null,null,10,'sys$SendingMessage.browse',0,'50e7762e624baa1d69752f773a735c15');
INSERT INTO SEC_PERMISSION (ID,CREATE_TS,CREATED_BY,VERSION,UPDATE_TS,UPDATED_BY,DELETE_TS,DELETED_BY,PERMISSION_TYPE,TARGET,VALUE_,ROLE_ID) VALUES ('793f337e52232b5ba5ec06bb11bcbdc3',{ts '2016-05-09 11:56:56.771000000'},'admin',1,{ts '2016-05-09 11:56:56.771000000'},null,null,null,20,'sec$Role:delete',0,'50e7762e624baa1d69752f773a735c15');
INSERT INTO SEC_PERMISSION (ID,CREATE_TS,CREATED_BY,VERSION,UPDATE_TS,UPDATED_BY,DELETE_TS,DELETED_BY,PERMISSION_TYPE,TARGET,VALUE_,ROLE_ID) VALUES ('8eb0bc284a4990a441a9100373533e15',{ts '2016-05-09 12:38:26.534000000'},'admin',1,{ts '2016-05-09 12:38:26.534000000'},null,null,null,20,'saas$PaymentMethod:delete',0,'ce3c39ab0b5adfc1e3b7918e2fee1c22');
INSERT INTO SEC_PERMISSION (ID,CREATE_TS,CREATED_BY,VERSION,UPDATE_TS,UPDATED_BY,DELETE_TS,DELETED_BY,PERMISSION_TYPE,TARGET,VALUE_,ROLE_ID) VALUES ('924fd69d9d556eaebba9b478e36eaa02',{ts '2016-05-09 12:42:37.963000000'},'admin',1,{ts '2016-05-09 12:42:37.963000000'},null,null,null,10,'sys$LockInfo.browse',0,'50e7762e624baa1d69752f773a735c15');
INSERT INTO SEC_PERMISSION (ID,CREATE_TS,CREATED_BY,VERSION,UPDATE_TS,UPDATED_BY,DELETE_TS,DELETED_BY,PERMISSION_TYPE,TARGET,VALUE_,ROLE_ID) VALUES ('a30d02712520cec45cf7b1651b537cdb',{ts '2016-05-09 12:38:26.532000000'},'admin',2,{ts '2016-05-09 12:38:26.532000000'},null,{ts '2016-05-09 12:42:59.944000000'},'admin',10,'sec$Group.browse',0,'ce3c39ab0b5adfc1e3b7918e2fee1c22');
INSERT INTO SEC_PERMISSION (ID,CREATE_TS,CREATED_BY,VERSION,UPDATE_TS,UPDATED_BY,DELETE_TS,DELETED_BY,PERMISSION_TYPE,TARGET,VALUE_,ROLE_ID) VALUES ('ab78634416640bfc6ae24beba6297b1a',{ts '2016-05-09 11:56:56.772000000'},'admin',1,{ts '2016-05-09 11:56:56.772000000'},null,null,null,20,'sec$Permission:delete',0,'50e7762e624baa1d69752f773a735c15');
INSERT INTO SEC_PERMISSION (ID,CREATE_TS,CREATED_BY,VERSION,UPDATE_TS,UPDATED_BY,DELETE_TS,DELETED_BY,PERMISSION_TYPE,TARGET,VALUE_,ROLE_ID) VALUES ('ad03a21ddf72c0e6f262cbcb2cefafb9',{ts '2016-05-09 12:42:37.963000000'},'admin',1,{ts '2016-05-09 12:42:37.963000000'},null,null,null,10,'entityLog',0,'50e7762e624baa1d69752f773a735c15');
INSERT INTO SEC_PERMISSION (ID,CREATE_TS,CREATED_BY,VERSION,UPDATE_TS,UPDATED_BY,DELETE_TS,DELETED_BY,PERMISSION_TYPE,TARGET,VALUE_,ROLE_ID) VALUES ('b4addac200882fe48763a5b4e22cd9f6',{ts '2016-05-09 12:42:37.962000000'},'admin',1,{ts '2016-05-09 12:42:37.962000000'},null,null,null,10,'serverLog',0,'50e7762e624baa1d69752f773a735c15');
INSERT INTO SEC_PERMISSION (ID,CREATE_TS,CREATED_BY,VERSION,UPDATE_TS,UPDATED_BY,DELETE_TS,DELETED_BY,PERMISSION_TYPE,TARGET,VALUE_,ROLE_ID) VALUES ('b6b492ba0df88b6c0b8f2c4dfa00491a',{ts '2016-05-09 12:38:26.532000000'},'admin',2,{ts '2016-05-09 12:38:26.532000000'},null,{ts '2016-05-09 12:40:10.898000000'},'admin',10,'administration',0,'ce3c39ab0b5adfc1e3b7918e2fee1c22');
INSERT INTO SEC_PERMISSION (ID,CREATE_TS,CREATED_BY,VERSION,UPDATE_TS,UPDATED_BY,DELETE_TS,DELETED_BY,PERMISSION_TYPE,TARGET,VALUE_,ROLE_ID) VALUES ('b8fb2afc782683497977329058dddc2e',{ts '2016-05-09 12:42:37.964000000'},'admin',1,{ts '2016-05-09 12:42:37.964000000'},null,null,null,10,'sys$Category.browse',0,'50e7762e624baa1d69752f773a735c15');
INSERT INTO SEC_PERMISSION (ID,CREATE_TS,CREATED_BY,VERSION,UPDATE_TS,UPDATED_BY,DELETE_TS,DELETED_BY,PERMISSION_TYPE,TARGET,VALUE_,ROLE_ID) VALUES ('beee693ad7a433c0d4b648ee81a5a6b9',{ts '2016-05-09 12:42:37.963000000'},'admin',1,{ts '2016-05-09 12:42:37.963000000'},null,null,null,10,'sys$FileDescriptor.browse',0,'50e7762e624baa1d69752f773a735c15');
INSERT INTO SEC_PERMISSION (ID,CREATE_TS,CREATED_BY,VERSION,UPDATE_TS,UPDATED_BY,DELETE_TS,DELETED_BY,PERMISSION_TYPE,TARGET,VALUE_,ROLE_ID) VALUES ('c764b4531be00baed9a6d58d95878d70',{ts '2016-05-09 12:42:37.962000000'},'admin',1,{ts '2016-05-09 12:42:37.962000000'},null,null,null,10,'sec$UserSessionEntity.browse',0,'50e7762e624baa1d69752f773a735c15');
INSERT INTO SEC_PERMISSION (ID,CREATE_TS,CREATED_BY,VERSION,UPDATE_TS,UPDATED_BY,DELETE_TS,DELETED_BY,PERMISSION_TYPE,TARGET,VALUE_,ROLE_ID) VALUES ('c8880c39a73ed63a50012b4340ba5eeb',{ts '2016-05-09 11:56:56.772000000'},'admin',1,{ts '2016-05-09 11:56:56.772000000'},null,null,null,20,'sec$Permission:update',0,'50e7762e624baa1d69752f773a735c15');
INSERT INTO SEC_PERMISSION (ID,CREATE_TS,CREATED_BY,VERSION,UPDATE_TS,UPDATED_BY,DELETE_TS,DELETED_BY,PERMISSION_TYPE,TARGET,VALUE_,ROLE_ID) VALUES ('d23c4c89de0f24c18f7adda23e73c615',{ts '2016-05-09 12:38:26.533000000'},'admin',2,{ts '2016-05-09 12:38:26.533000000'},null,{ts '2016-05-09 12:42:59.949000000'},'admin',10,'help',0,'ce3c39ab0b5adfc1e3b7918e2fee1c22');
INSERT INTO SEC_PERMISSION (ID,CREATE_TS,CREATED_BY,VERSION,UPDATE_TS,UPDATED_BY,DELETE_TS,DELETED_BY,PERMISSION_TYPE,TARGET,VALUE_,ROLE_ID) VALUES ('d28c14435fbccf9c5e87cbbefbccf78a',{ts '2016-05-09 12:38:26.533000000'},'admin',2,{ts '2016-05-09 12:38:26.533000000'},null,{ts '2016-05-09 12:42:59.959000000'},'admin',10,'sec$User.browse',0,'ce3c39ab0b5adfc1e3b7918e2fee1c22');
INSERT INTO SEC_PERMISSION (ID,CREATE_TS,CREATED_BY,VERSION,UPDATE_TS,UPDATED_BY,DELETE_TS,DELETED_BY,PERMISSION_TYPE,TARGET,VALUE_,ROLE_ID) VALUES ('d90b3761ec0788e2e87d91567cf01684',{ts '2016-05-09 11:56:56.771000000'},'admin',1,{ts '2016-05-09 11:56:56.771000000'},null,null,null,20,'sec$Permission:create',0,'50e7762e624baa1d69752f773a735c15');
INSERT INTO SEC_PERMISSION (ID,CREATE_TS,CREATED_BY,VERSION,UPDATE_TS,UPDATED_BY,DELETE_TS,DELETED_BY,PERMISSION_TYPE,TARGET,VALUE_,ROLE_ID) VALUES ('db1d33b1e2f772807c49c436c677d25d',{ts '2016-05-09 12:38:26.533000000'},'admin',2,{ts '2016-05-09 12:38:26.533000000'},null,{ts '2016-05-09 12:42:59.956000000'},'admin',10,'entityInspector.browse',0,'ce3c39ab0b5adfc1e3b7918e2fee1c22');
INSERT INTO SEC_PERMISSION (ID,CREATE_TS,CREATED_BY,VERSION,UPDATE_TS,UPDATED_BY,DELETE_TS,DELETED_BY,PERMISSION_TYPE,TARGET,VALUE_,ROLE_ID) VALUES ('dc127fcfe686ec17100b0e622f56124f',{ts '2016-05-09 12:38:58.402000000'},'admin',1,{ts '2016-05-09 12:38:58.402000000'},null,null,null,10,'sec$Role.browse',1,'4082fc82562a346cfddb6cca3a88d500');
INSERT INTO SEC_PERMISSION (ID,CREATE_TS,CREATED_BY,VERSION,UPDATE_TS,UPDATED_BY,DELETE_TS,DELETED_BY,PERMISSION_TYPE,TARGET,VALUE_,ROLE_ID) VALUES ('e59fa181b5c67a3624708dfe054372b6',{ts '2016-05-09 11:56:56.771000000'},'admin',1,{ts '2016-05-09 11:56:56.771000000'},null,null,null,20,'sec$Role:create',0,'50e7762e624baa1d69752f773a735c15');
INSERT INTO SEC_PERMISSION (ID,CREATE_TS,CREATED_BY,VERSION,UPDATE_TS,UPDATED_BY,DELETE_TS,DELETED_BY,PERMISSION_TYPE,TARGET,VALUE_,ROLE_ID) VALUES ('e5f7c017c897fda2ac25964c66c2be5c',{ts '2016-05-09 12:42:37.962000000'},'admin',1,{ts '2016-05-09 12:42:37.962000000'},null,null,null,10,'jmxConsole',0,'50e7762e624baa1d69752f773a735c15');
INSERT INTO SEC_PERMISSION (ID,CREATE_TS,CREATED_BY,VERSION,UPDATE_TS,UPDATED_BY,DELETE_TS,DELETED_BY,PERMISSION_TYPE,TARGET,VALUE_,ROLE_ID) VALUES ('ef4bec0a4348eafcb81084da97500371',{ts '2016-05-09 12:42:37.964000000'},'admin',1,{ts '2016-05-09 12:42:37.964000000'},null,null,null,10,'performanceStatistics',0,'50e7762e624baa1d69752f773a735c15');
INSERT INTO SEC_PERMISSION (ID,CREATE_TS,CREATED_BY,VERSION,UPDATE_TS,UPDATED_BY,DELETE_TS,DELETED_BY,PERMISSION_TYPE,TARGET,VALUE_,ROLE_ID) VALUES ('f79f2c076dc223fab2a182b0225e8784',{ts '2016-05-09 12:42:37.962000000'},'admin',1,{ts '2016-05-09 12:42:37.962000000'},null,null,null,10,'sec$Role.browse',0,'50e7762e624baa1d69752f773a735c15');
INSERT INTO SEC_PERMISSION (ID,CREATE_TS,CREATED_BY,VERSION,UPDATE_TS,UPDATED_BY,DELETE_TS,DELETED_BY,PERMISSION_TYPE,TARGET,VALUE_,ROLE_ID) VALUES ('f88f5703c952559306e75431ca608c1f',{ts '2016-05-09 12:38:26.532000000'},'admin',2,{ts '2016-05-09 12:38:26.532000000'},null,{ts '2016-05-09 12:42:59.946000000'},'admin',10,'jmxConsole',0,'ce3c39ab0b5adfc1e3b7918e2fee1c22');
INSERT INTO SEC_PERMISSION (ID,CREATE_TS,CREATED_BY,VERSION,UPDATE_TS,UPDATED_BY,DELETE_TS,DELETED_BY,PERMISSION_TYPE,TARGET,VALUE_,ROLE_ID) VALUES ('fbd156b4f6f2d13c0cb204c185a6a791',{ts '2016-05-09 11:29:26.516000000'},'admin',2,{ts '2016-05-09 11:29:26.516000000'},null,{ts '2016-05-09 11:56:56.777000000'},'admin',20,'sec$Permission:read',0,'50e7762e624baa1d69752f773a735c15');


INSERT INTO SEC_USER (ID,CREATE_TS,CREATED_BY,VERSION,LOGIN,LOGIN_LC,PASSWORD,NAME,FIRST_NAME,LAST_NAME,MIDDLE_NAME,POSITION_,EMAIL,LANGUAGE_,TIME_ZONE,TIME_ZONE_AUTO,ACTIVE,GROUP_ID,IP_MASK,CHANGE_PASSWORD_AT_LOGON)
VALUES ('2c537f196039a63ed57fa46558dbb547',{ts '2016-05-09 11:15:44.230000000'},'admin',1,'stark','stark','31b7cf3b9ea2dd0a0d7ccc35cf9c56a189d8017b','Tony Stark','Tony','Stark',null,null,null,'en',null,null,1,'e571013b664d000572cf5af3dfa6d3e9',null,0);

INSERT INTO SEC_USER (ID,CREATE_TS,CREATED_BY,VERSION,LOGIN,LOGIN_LC,PASSWORD,NAME,FIRST_NAME,LAST_NAME,MIDDLE_NAME,POSITION_,EMAIL,LANGUAGE_,TIME_ZONE,TIME_ZONE_AUTO,ACTIVE,GROUP_ID,IP_MASK,CHANGE_PASSWORD_AT_LOGON)
VALUES ('739241240560fa3c49967961dbc730d6',{ts '2016-05-10 10:27:26.938000000'},'stark',1,'potts','potts','79883add5204e24982ed4d7f454c3e9432fa3c21','Pepper Potts','Pepper','Potts',null,null,null,'en',null,null,1,'e571013b664d000572cf5af3dfa6d3e9',null,0);

INSERT INTO SEC_USER (ID,CREATE_TS,CREATED_BY,VERSION,LOGIN,LOGIN_LC,PASSWORD,NAME,FIRST_NAME,LAST_NAME,MIDDLE_NAME,POSITION_,EMAIL,LANGUAGE_,TIME_ZONE,TIME_ZONE_AUTO,ACTIVE,GROUP_ID,IP_MASK,CHANGE_PASSWORD_AT_LOGON)
VALUES ('7c0416f6b4dacb7b64e53a0c15bd40de',{ts '2016-05-09 11:16:10.548000000'},'admin',1,'dent','dent','6aa822894d78fd547ae8c1ba412dab0aefbb40f1','Arthur Dent','Arthur','Dent',null,null,null,'en',null,null,1,'1f02f531d6d99abdff0d4a64a47d5486',null,0);


INSERT INTO SEC_USER_ROLE (ID,CREATE_TS,CREATED_BY,VERSION,USER_ID,ROLE_ID)
VALUES ('027b14b72fa53057473ebd6ec3cc793b',{ts '2016-05-10 10:27:26'},'stark',1,'739241240560fa3c49967961dbc730d6','ce3c39ab0b5adfc1e3b7918e2fee1c22');

INSERT INTO SEC_USER_ROLE (ID,CREATE_TS,CREATED_BY,VERSION,USER_ID,ROLE_ID)
VALUES ('0e2cb90684f390b2b33a266237645fb8',{ts '2016-05-09 12:41:13'},'admin',1,'2c537f196039a63ed57fa46558dbb547','4082fc82562a346cfddb6cca3a88d500');

INSERT INTO SEC_USER_ROLE (ID,CREATE_TS,CREATED_BY,VERSION,USER_ID,ROLE_ID)
VALUES ('3c43be6734318e5e1ce8862f317f0fa9',{ts '2016-05-09 11:32:51'},'admin',1,'7c0416f6b4dacb7b64e53a0c15bd40de','50e7762e624baa1d69752f773a735c15');

INSERT INTO SEC_USER_ROLE (ID,CREATE_TS,CREATED_BY,VERSION,USER_ID,ROLE_ID)
VALUES ('7888e90068e902b00a17acdc8b41b57a',{ts '2016-05-10 10:27:26'},'stark',1,'739241240560fa3c49967961dbc730d6','50e7762e624baa1d69752f773a735c15');

INSERT INTO SEC_USER_ROLE (ID,CREATE_TS,CREATED_BY,VERSION,USER_ID,ROLE_ID)
VALUES ('7e7f7c8233532a08d8f3832495f96bdc',{ts '2016-05-09 11:32:43'},'admin',1,'2c537f196039a63ed57fa46558dbb547','50e7762e624baa1d69752f773a735c15');

INSERT INTO SEC_USER_ROLE (ID,CREATE_TS,CREATED_BY,VERSION,USER_ID,ROLE_ID)
VALUES ('9b09a9cafbc2c2eb5c7ef8c864fc6cc7',{ts '2016-05-10 10:29:32'},'admin',1,'7c0416f6b4dacb7b64e53a0c15bd40de','4082fc82562a346cfddb6cca3a88d500');