-- MySQL dump 10.13  Distrib 5.7.25, for Win64 (x86_64)
--
-- Host: localhost    Database: lineup
-- ------------------------------------------------------
-- Server version	5.7.25-log

/*!40101 SET @OLD_CHARACTER_SET_CLIENT=@@CHARACTER_SET_CLIENT */;
/*!40101 SET @OLD_CHARACTER_SET_RESULTS=@@CHARACTER_SET_RESULTS */;
/*!40101 SET @OLD_COLLATION_CONNECTION=@@COLLATION_CONNECTION */;
/*!40101 SET NAMES utf8 */;
/*!40103 SET @OLD_TIME_ZONE=@@TIME_ZONE */;
/*!40103 SET TIME_ZONE='+00:00' */;
/*!40014 SET @OLD_UNIQUE_CHECKS=@@UNIQUE_CHECKS, UNIQUE_CHECKS=0 */;
/*!40014 SET @OLD_FOREIGN_KEY_CHECKS=@@FOREIGN_KEY_CHECKS, FOREIGN_KEY_CHECKS=0 */;
/*!40101 SET @OLD_SQL_MODE=@@SQL_MODE, SQL_MODE='NO_AUTO_VALUE_ON_ZERO' */;
/*!40111 SET @OLD_SQL_NOTES=@@SQL_NOTES, SQL_NOTES=0 */;

--
-- Dumping data for table `SEC_CONSTRAINT`
--
-- WHERE:  created_by is not NULL and delete_ts is null

LOCK TABLES `SEC_CONSTRAINT` WRITE;
/*!40000 ALTER TABLE `SEC_CONSTRAINT` DISABLE KEYS */;
INSERT INTO `SEC_CONSTRAINT` VALUES ('5dec7a21f2b47858140a8047b4bbe4b2','2016-05-09 11:04:43.172','admin',2,'2018-12-30 22:22:24.035','admin',NULL,NULL,NULL,'db','read','lineup$AppUser',NULL,'{E}.client = :session$client_id',NULL,'<?xml version=\"1.0\" encoding=\"UTF-8\"?>\n\n<filter>\n  <and>\n    <c name=\"client\" class=\"java.lang.Integer\" operatorType=\"EQUAL\" width=\"1\" type=\"PROPERTY\"><![CDATA[queryEntity.client = :component$filterWithoutId.client81566]]>\n      <param name=\"component$filterWithoutId.client81566\" javaClass=\"java.lang.Integer\">NULL</param>\n    </c>\n  </and>\n</filter>\n',1,'888ea8bbc4649d41fbdf7bc0f37855cb'),('68bf0408f455f6c5f77829ee4591575d','2016-05-09 11:15:04.171','admin',1,NULL,NULL,NULL,NULL,NULL,'db','read','sec$Group',NULL,'{E}.id in (select h.group.id from sec$GroupHierarchy h where h.group.id = :session$userGroupId or h.parent.id = :session$userGroupId)',NULL,NULL,1,'888ea8bbc4649d41fbdf7bc0f37855cb'),('8bf946251c624686d8bfbdd62b702d4e','2016-05-09 11:26:29.742','admin',3,NULL,NULL,NULL,NULL,NULL,'db','read','sec$Role',NULL,'{E}.name like \'client_%\'',NULL,'<?xml version=\"1.0\" encoding=\"UTF-8\"?>\n\n<filter>\n  <and>\n    <c name=\"name\" class=\"java.lang.String\" operatorType=\"STARTS_WITH\" width=\"1\" type=\"PROPERTY\"><![CDATA[queryEntity.name like :component$filterWithoutId.name88818 ESCAPE \'\' ]]>\n      <param name=\"component$filterWithoutId.name88818\" javaClass=\"java.lang.String\">client_</param>\n    </c>\n  </and>\n</filter>\n',1,'888ea8bbc4649d41fbdf7bc0f37855cb'),('e2700808eb38aa75a554dfaf28aad84f','2016-05-09 11:19:41.404','admin',1,NULL,NULL,NULL,NULL,NULL,'db','read','sec$User',NULL,'{E}.group.id in (select h.group.id from sec$GroupHierarchy h where h.group.id = :session$userGroupId or h.parent.id = :session$userGroupId)',NULL,NULL,1,'888ea8bbc4649d41fbdf7bc0f37855cb'),('fe4d307420ecc84e892ffc5a9439886c','2019-02-24 21:57:00.642','admin',1,'2019-02-24 21:57:00.642',NULL,NULL,NULL,NULL,'db','read','lineup$FavoriteTrip',NULL,'{E}.createdBy = :session$userLogin',NULL,NULL,1,'888ea8bbc4649d41fbdf7bc0f37855cb');
/*!40000 ALTER TABLE `SEC_CONSTRAINT` ENABLE KEYS */;
UNLOCK TABLES;

--
-- Dumping data for table `SEC_FILTER`
--
-- WHERE:  created_by is not NULL and delete_ts is null

LOCK TABLES `SEC_FILTER` WRITE;
/*!40000 ALTER TABLE `SEC_FILTER` DISABLE KEYS */;
/*!40000 ALTER TABLE `SEC_FILTER` ENABLE KEYS */;
UNLOCK TABLES;

--
-- Dumping data for table `SEC_GROUP`
--
-- WHERE:  created_by is not NULL and delete_ts is null

LOCK TABLES `SEC_GROUP` WRITE;
/*!40000 ALTER TABLE `SEC_GROUP` DISABLE KEYS */;
INSERT INTO `SEC_GROUP` VALUES ('1f02f531d6d99abdff0d4a64a47d5486','2016-05-09 10:58:18.794','admin',2,'2019-05-07 14:12:47.284','admin',NULL,NULL,'1000-01-01 00:00:00.000','TenneT','888ea8bbc4649d41fbdf7bc0f37855cb'),('3fb8253858944520317fb13144db9eb4','2019-05-07 14:19:46.053','admin',2,'2019-05-07 14:20:01.199','admin',NULL,NULL,'1000-01-01 00:00:00.000','WindMW','888ea8bbc4649d41fbdf7bc0f37855cb'),('888ea8bbc4649d41fbdf7bc0f37855cb','2016-05-09 10:57:39.975','admin',1,NULL,NULL,NULL,NULL,'1000-01-01 00:00:00.000','Clients','0fa2b1a51d684d699fbddff348347f93'),('e571013b664d000572cf5af3dfa6d3e9','2016-05-09 10:58:01.173','admin',2,'2019-05-07 14:12:56.674','admin',NULL,NULL,'1000-01-01 00:00:00.000','Orsted','888ea8bbc4649d41fbdf7bc0f37855cb');
/*!40000 ALTER TABLE `SEC_GROUP` ENABLE KEYS */;
UNLOCK TABLES;

--
-- Dumping data for table `SEC_PERMISSION`
--
-- WHERE:  created_by is not NULL and delete_ts is null

LOCK TABLES `SEC_PERMISSION` WRITE;
/*!40000 ALTER TABLE `SEC_PERMISSION` DISABLE KEYS */;
INSERT INTO `SEC_PERMISSION` VALUES ('0eb69b925619675ebb67986e16c61197','2019-02-24 21:34:26.589','admin',1,'2019-02-24 21:34:26.589',NULL,NULL,NULL,'1000-01-01 00:00:00.000',10,'lineup$FavoriteTrip.browse',1,'a395948311fb015bc179cb1930d1d611'),('102ddbbbe0a66f34011c0e9520d51946','2019-02-25 19:59:25.934','admin',1,'2019-02-25 19:59:25.934',NULL,NULL,NULL,'1000-01-01 00:00:00.000',10,'administration',0,'d031a35d409980c307b5a0c851c57d1d'),('1801864a67e76d314ef619c9390f2a4c','2019-02-24 21:35:09.066','admin',1,'2019-02-24 21:35:09.066',NULL,NULL,NULL,'1000-01-01 00:00:00.000',20,'lineup$FavoriteTrip:create',1,'a395948311fb015bc179cb1930d1d611'),('2116a40259679bd103edd56707004579','2016-05-09 12:42:37.962','admin',1,'2016-05-09 12:42:37.962',NULL,NULL,NULL,'1000-01-01 00:00:00.000',10,'sec$User.browse',0,'50e7762e624baa1d69752f773a735c15'),('213bc537355ccc353a97b86fd96ff1a9','2016-05-09 12:42:37.964','admin',1,'2016-05-09 12:42:37.964',NULL,NULL,NULL,'1000-01-01 00:00:00.000',10,'appProperties',0,'50e7762e624baa1d69752f773a735c15'),('22477bfda98efb77cd5a0b24996e621e','2019-02-24 21:34:26.589','admin',1,'2019-02-24 21:34:26.589',NULL,NULL,NULL,'1000-01-01 00:00:00.000',10,'myBookings',1,'a395948311fb015bc179cb1930d1d611'),('22c779a3d9a9d9031c75b1dda83346a4','2019-02-24 21:48:24.102','admin',1,'2019-02-24 21:48:24.102',NULL,NULL,NULL,'1000-01-01 00:00:00.000',10,'approveBookings',0,'a395948311fb015bc179cb1930d1d611'),('27c9aa77332d96e06c68512e09d47c04','2016-05-09 12:42:37.962','admin',1,'2016-05-09 12:42:37.962',NULL,NULL,NULL,'1000-01-01 00:00:00.000',10,'entityInspector.browse',0,'50e7762e624baa1d69752f773a735c15'),('2a64c2fbbc01faf792fcb10acd9a38e4','2019-02-25 20:06:50.193','admin',1,'2019-02-25 20:06:50.193',NULL,NULL,NULL,'1000-01-01 00:00:00.000',10,'help',0,'a395948311fb015bc179cb1930d1d611'),('308b1c789d5ab923f7b91a1a0a1a7604','2019-05-07 15:14:01.640','admin',1,'2019-05-07 15:14:01.640',NULL,NULL,NULL,'1000-01-01 00:00:00.000',10,'lineup$Transfer.overview',0,'a395948311fb015bc179cb1930d1d611'),('3957be1923637687cda5381784e5d3eb','2016-05-09 12:42:37.963','admin',1,'2016-05-09 12:42:37.963',NULL,NULL,NULL,'1000-01-01 00:00:00.000',10,'sec$Group.browse',0,'50e7762e624baa1d69752f773a735c15'),('3b874cc4116f5353ac608278686db21d','2016-05-09 12:42:37.963','admin',1,'2016-05-09 12:42:37.963',NULL,NULL,NULL,'1000-01-01 00:00:00.000',10,'entityRestore',0,'50e7762e624baa1d69752f773a735c15'),('40f28a86b9de9dbfa9aa17f7079fdd9c','2016-05-09 11:56:56.772','admin',1,'2016-05-09 11:56:56.772',NULL,NULL,NULL,'1000-01-01 00:00:00.000',20,'sec$Role:update',0,'50e7762e624baa1d69752f773a735c15'),('48d1499edc4cf4f4d46e1022067c1770','2016-05-09 12:42:37.963','admin',1,'2016-05-09 12:42:37.963',NULL,NULL,NULL,'1000-01-01 00:00:00.000',10,'sys$ScheduledTask.browse',0,'50e7762e624baa1d69752f773a735c15'),('495af682259e056f40c26c1657fda6a2','2019-02-25 19:59:25.934','admin',1,'2019-02-25 19:59:25.934',NULL,NULL,NULL,'1000-01-01 00:00:00.000',20,'lineup$TravelOption:read',1,'d031a35d409980c307b5a0c851c57d1d'),('4b42e25ca62be3df3b3c1e887b92680c','2019-02-25 19:59:25.934','admin',1,'2019-02-25 19:59:25.934',NULL,NULL,NULL,'1000-01-01 00:00:00.000',10,'masterdata',0,'d031a35d409980c307b5a0c851c57d1d'),('4daeda43e9c7542eabb9ce0545919d6b','2016-05-09 12:38:58.402','admin',1,'2016-05-09 12:38:58.402',NULL,NULL,NULL,'1000-01-01 00:00:00.000',10,'sec$User.browse',1,'4082fc82562a346cfddb6cca3a88d500'),('57e4b8eaf57de7362bde7b01b13b3c19','2019-02-25 19:59:25.935','admin',2,'2019-02-25 20:00:42.726','admin',NULL,NULL,'1000-01-01 00:00:00.000',10,'lineup$FavoriteTrip.browse',0,'d031a35d409980c307b5a0c851c57d1d'),('5bbdcdec72d7e748e5f48515e172e3d4','2019-02-25 19:59:25.935','admin',2,'2019-02-25 20:00:42.726','admin',NULL,NULL,'1000-01-01 00:00:00.000',10,'lineup$CrewChangeCreateDTO.edit',1,'d031a35d409980c307b5a0c851c57d1d'),('5c85a191e01730a2a5f8bcdf40be136c','2019-02-24 21:35:09.068','admin',1,'2019-02-24 21:35:09.068',NULL,NULL,NULL,'1000-01-01 00:00:00.000',20,'lineup$FavoriteTrip:update',1,'a395948311fb015bc179cb1930d1d611'),('676227ecce7ecd92905b6df541b80e4e','2019-02-24 21:35:09.068','admin',1,'2019-02-24 21:35:09.068',NULL,NULL,NULL,'1000-01-01 00:00:00.000',20,'lineup$FavoriteTrip:read',1,'a395948311fb015bc179cb1930d1d611'),('678d2687c27f0e5b055fa18fef28fbdc','2019-02-24 21:34:26.586','admin',1,'2019-02-24 21:34:26.586',NULL,NULL,NULL,'1000-01-01 00:00:00.000',10,'bookTickets',1,'a395948311fb015bc179cb1930d1d611'),('6b9a63accf3e21097903208832d9ee66','2019-02-24 21:48:24.103','admin',1,'2019-02-24 21:48:24.103',NULL,NULL,NULL,'1000-01-01 00:00:00.000',10,'lineup$CrewChangeCreateDTO.edit',0,'a395948311fb015bc179cb1930d1d611'),('70714c4fc6c66fac73e1fc5c4c91b61e','2019-02-25 20:06:35.870','admin',1,'2019-02-25 20:06:35.870',NULL,NULL,NULL,'1000-01-01 00:00:00.000',10,'help',0,'d031a35d409980c307b5a0c851c57d1d'),('761e398ffbb58c509e2cb502621177f9','2016-05-09 12:42:37.963','admin',1,'2016-05-09 12:42:37.963',NULL,NULL,NULL,'1000-01-01 00:00:00.000',10,'sys$SendingMessage.browse',0,'50e7762e624baa1d69752f773a735c15'),('77514cd59b54c2d514091a7e1e65024f','2019-02-25 19:59:25.934','admin',1,'2019-02-25 19:59:25.934',NULL,NULL,NULL,'1000-01-01 00:00:00.000',20,'lineup$FavoriteTrip:create',1,'d031a35d409980c307b5a0c851c57d1d'),('77862f89b39c1389e1e564cd8fd2636e','2019-02-24 21:35:32.151','admin',1,'2019-02-24 21:35:32.151',NULL,NULL,NULL,'1000-01-01 00:00:00.000',20,'lineup$TravelOption:update',1,'a395948311fb015bc179cb1930d1d611'),('793f337e52232b5ba5ec06bb11bcbdc3','2016-05-09 11:56:56.771','admin',1,'2016-05-09 11:56:56.771',NULL,NULL,NULL,'1000-01-01 00:00:00.000',20,'sec$Role:delete',0,'50e7762e624baa1d69752f773a735c15'),('82b1e0dcf1776b40f3140793df0db3ee','2019-05-07 15:14:01.640','admin',1,'2019-05-07 15:14:01.640',NULL,NULL,NULL,'1000-01-01 00:00:00.000',10,'lineup$CrewChangeCreateDTO.create',0,'a395948311fb015bc179cb1930d1d611'),('84375ec42286a3aa7189b4c5934d2d97','2019-02-25 19:59:25.934','admin',2,'2019-02-25 20:00:42.727','admin',NULL,NULL,'1000-01-01 00:00:00.000',10,'overviewBookings',1,'d031a35d409980c307b5a0c851c57d1d'),('8e772b435f2b0782727d73d60b7b4cdf','2019-02-24 21:48:24.102','admin',1,'2019-02-24 21:48:24.102',NULL,NULL,NULL,'1000-01-01 00:00:00.000',10,'administration',0,'a395948311fb015bc179cb1930d1d611'),('924fd69d9d556eaebba9b478e36eaa02','2016-05-09 12:42:37.963','admin',1,'2016-05-09 12:42:37.963',NULL,NULL,NULL,'1000-01-01 00:00:00.000',10,'sys$LockInfo.browse',0,'50e7762e624baa1d69752f773a735c15'),('9651b982ab4885d1324e9a4d98b62ffc','2019-02-25 19:59:25.935','admin',1,'2019-02-25 19:59:25.935',NULL,NULL,NULL,'1000-01-01 00:00:00.000',20,'lineup$FavoriteTrip:read',1,'d031a35d409980c307b5a0c851c57d1d'),('a0f8e3fae83fa4121c435942fe2922b9','2019-02-25 19:59:25.934','admin',1,'2019-02-25 19:59:25.934',NULL,NULL,NULL,'1000-01-01 00:00:00.000',20,'lineup$FavoriteTrip:delete',1,'d031a35d409980c307b5a0c851c57d1d'),('a44de4c7f3c663cb37b4e52c3a5c51a0','2019-02-24 21:35:09.067','admin',1,'2019-02-24 21:35:09.067',NULL,NULL,NULL,'1000-01-01 00:00:00.000',20,'lineup$FavoriteTrip:delete',1,'a395948311fb015bc179cb1930d1d611'),('a9d112d4556c69940e3b8f9b44a45d37','2019-02-25 19:59:25.934','admin',2,'2019-02-25 20:00:42.727','admin',NULL,NULL,'1000-01-01 00:00:00.000',10,'myBookings',0,'d031a35d409980c307b5a0c851c57d1d'),('ab78634416640bfc6ae24beba6297b1a','2016-05-09 11:56:56.772','admin',1,'2016-05-09 11:56:56.772',NULL,NULL,NULL,'1000-01-01 00:00:00.000',20,'sec$Permission:delete',0,'50e7762e624baa1d69752f773a735c15'),('ac14d187c733d0714254fa6f8cccb862','2019-02-24 21:48:24.103','admin',1,'2019-02-24 21:48:24.103',NULL,NULL,NULL,'1000-01-01 00:00:00.000',10,'overviewBookings',0,'a395948311fb015bc179cb1930d1d611'),('ad03a21ddf72c0e6f262cbcb2cefafb9','2016-05-09 12:42:37.963','admin',1,'2016-05-09 12:42:37.963',NULL,NULL,NULL,'1000-01-01 00:00:00.000',10,'entityLog',0,'50e7762e624baa1d69752f773a735c15'),('b4addac200882fe48763a5b4e22cd9f6','2016-05-09 12:42:37.962','admin',1,'2016-05-09 12:42:37.962',NULL,NULL,NULL,'1000-01-01 00:00:00.000',10,'serverLog',0,'50e7762e624baa1d69752f773a735c15'),('b8fb2afc782683497977329058dddc2e','2016-05-09 12:42:37.964','admin',1,'2016-05-09 12:42:37.964',NULL,NULL,NULL,'1000-01-01 00:00:00.000',10,'sys$Category.browse',0,'50e7762e624baa1d69752f773a735c15'),('beee693ad7a433c0d4b648ee81a5a6b9','2016-05-09 12:42:37.963','admin',1,'2016-05-09 12:42:37.963',NULL,NULL,NULL,'1000-01-01 00:00:00.000',10,'sys$FileDescriptor.browse',0,'50e7762e624baa1d69752f773a735c15'),('c764b4531be00baed9a6d58d95878d70','2016-05-09 12:42:37.962','admin',1,'2016-05-09 12:42:37.962',NULL,NULL,NULL,'1000-01-01 00:00:00.000',10,'sec$UserSessionEntity.browse',0,'50e7762e624baa1d69752f773a735c15'),('c8880c39a73ed63a50012b4340ba5eeb','2016-05-09 11:56:56.772','admin',1,'2016-05-09 11:56:56.772',NULL,NULL,NULL,'1000-01-01 00:00:00.000',20,'sec$Permission:update',0,'50e7762e624baa1d69752f773a735c15'),('c9eae91460915fa1ea56b28c28c9d939','2019-02-25 19:59:25.935','admin',1,'2019-02-25 19:59:25.935',NULL,NULL,NULL,'1000-01-01 00:00:00.000',20,'lineup$FavoriteTrip:update',1,'d031a35d409980c307b5a0c851c57d1d'),('d90b3761ec0788e2e87d91567cf01684','2016-05-09 11:56:56.771','admin',1,'2016-05-09 11:56:56.771',NULL,NULL,NULL,'1000-01-01 00:00:00.000',20,'sec$Permission:create',0,'50e7762e624baa1d69752f773a735c15'),('dc127fcfe686ec17100b0e622f56124f','2016-05-09 12:38:58.402','admin',1,'2016-05-09 12:38:58.402',NULL,NULL,NULL,'1000-01-01 00:00:00.000',10,'sec$Role.browse',1,'4082fc82562a346cfddb6cca3a88d500'),('de2aeac55f6e79100c2565c3f050cb7f','2019-02-25 19:59:25.934','admin',2,'2019-02-25 20:00:42.727','admin',NULL,NULL,'1000-01-01 00:00:00.000',10,'bookTickets',0,'d031a35d409980c307b5a0c851c57d1d'),('e32b1670ac8dcd6562e80fc2b08b7a3d','2019-02-25 19:59:25.934','admin',1,'2019-02-25 19:59:25.934',NULL,NULL,NULL,'1000-01-01 00:00:00.000',20,'lineup$TravelOption:update',1,'d031a35d409980c307b5a0c851c57d1d'),('e59fa181b5c67a3624708dfe054372b6','2016-05-09 11:56:56.771','admin',1,'2016-05-09 11:56:56.771',NULL,NULL,NULL,'1000-01-01 00:00:00.000',20,'sec$Role:create',0,'50e7762e624baa1d69752f773a735c15'),('e5f7c017c897fda2ac25964c66c2be5c','2016-05-09 12:42:37.962','admin',1,'2016-05-09 12:42:37.962',NULL,NULL,NULL,'1000-01-01 00:00:00.000',10,'jmxConsole',0,'50e7762e624baa1d69752f773a735c15'),('ee2074a5217d550804ff122009978474','2019-02-24 21:48:24.103','admin',1,'2019-02-24 21:48:24.103',NULL,NULL,NULL,'1000-01-01 00:00:00.000',10,'masterdata',0,'a395948311fb015bc179cb1930d1d611'),('ef4bec0a4348eafcb81084da97500371','2016-05-09 12:42:37.964','admin',1,'2016-05-09 12:42:37.964',NULL,NULL,NULL,'1000-01-01 00:00:00.000',10,'performanceStatistics',0,'50e7762e624baa1d69752f773a735c15'),('f5733c75697292983edea6c5ac66d1f0','2019-02-25 19:59:25.934','admin',2,'2019-02-25 20:00:42.726','admin',NULL,NULL,'1000-01-01 00:00:00.000',10,'approveBookings',1,'d031a35d409980c307b5a0c851c57d1d'),('f79f2c076dc223fab2a182b0225e8784','2016-05-09 12:42:37.962','admin',1,'2016-05-09 12:42:37.962',NULL,NULL,NULL,'1000-01-01 00:00:00.000',10,'sec$Role.browse',0,'50e7762e624baa1d69752f773a735c15'),('ff221e5c04a934dbbf07c3c4ebbb7239','2019-02-24 21:35:32.150','admin',1,'2019-02-24 21:35:32.150',NULL,NULL,NULL,'1000-01-01 00:00:00.000',20,'lineup$TravelOption:read',1,'a395948311fb015bc179cb1930d1d611');
/*!40000 ALTER TABLE `SEC_PERMISSION` ENABLE KEYS */;
UNLOCK TABLES;

--
-- Dumping data for table `SEC_ROLE`
--
-- WHERE:  created_by is not NULL and delete_ts is null

LOCK TABLES `SEC_ROLE` WRITE;
/*!40000 ALTER TABLE `SEC_ROLE` DISABLE KEYS */;
INSERT INTO `SEC_ROLE` VALUES ('4082fc82562a346cfddb6cca3a88d500','2016-05-09 12:04:58.474','admin',1,NULL,NULL,NULL,NULL,'1000-01-01 00:00:00.000','client_admins',NULL,NULL,NULL,NULL),('50e7762e624baa1d69752f773a735c15','2016-05-09 11:29:26.516','admin',1,NULL,NULL,NULL,NULL,'1000-01-01 00:00:00.000','Users',NULL,'Default role for client users',1,NULL),('a395948311fb015bc179cb1930d1d611','2019-02-24 21:34:26.589','admin',3,'2019-02-24 21:46:57.799','admin',NULL,NULL,'1000-01-01 00:00:00.000','customer','Customer','Customer can book tickets',NULL,0),('ce3c39ab0b5adfc1e3b7918e2fee1c22','2016-05-09 12:05:11.131','admin',1,NULL,NULL,NULL,NULL,'1000-01-01 00:00:00.000','client_users',NULL,NULL,0,NULL),('d031a35d409980c307b5a0c851c57d1d','2019-02-25 19:59:25.933','admin',2,'2019-02-25 20:00:42.726','admin',NULL,NULL,'1000-01-01 00:00:00.000','dispatcher','Dispatcher','Dispatcher creates Crew Changes and approves tickets',0,0);
/*!40000 ALTER TABLE `SEC_ROLE` ENABLE KEYS */;
UNLOCK TABLES;

--
-- Dumping data for table `SEC_SESSION_ATTR`
--
-- WHERE:  created_by is not NULL and delete_ts is null

LOCK TABLES `SEC_SESSION_ATTR` WRITE;
/*!40000 ALTER TABLE `SEC_SESSION_ATTR` DISABLE KEYS */;
INSERT INTO `SEC_SESSION_ATTR` VALUES ('4921539c93c481b7f1616e84cb7abbeb','2016-05-09 11:02:54.805','admin',1,NULL,NULL,NULL,NULL,'client_id','2','int','1f02f531d6d99abdff0d4a64a47d5486'),('85ce060ebe3d1a49a5dd9af0ee0e145b','2016-05-09 11:02:41.836','admin',1,NULL,NULL,NULL,NULL,'client_id','1','int','e571013b664d000572cf5af3dfa6d3e9'),('c189335e30a2130b2dcf418c656e8a20','2019-05-07 14:22:00.208','admin',1,'2019-05-07 14:22:00.208',NULL,NULL,NULL,'client_id','3','int','3fb8253858944520317fb13144db9eb4');
/*!40000 ALTER TABLE `SEC_SESSION_ATTR` ENABLE KEYS */;
UNLOCK TABLES;

--
-- Dumping data for table `SEC_USER`
--
-- WHERE:  created_by is not NULL and delete_ts is null

LOCK TABLES `SEC_USER` WRITE;
/*!40000 ALTER TABLE `SEC_USER` DISABLE KEYS */;
INSERT INTO `SEC_USER` VALUES ('2c537f196039a63ed57fa46558dbb547','2016-05-09 11:15:44.230','admin',3,'2019-02-25 19:55:00.164','admin',NULL,NULL,'1000-01-01 00:00:00.000','stark','stark','$2a$10$16TR5zmmgpdSF3DYcrlDnOVfH3SJAkxf8T/hewyfDGSOSA2ISi6tu','bcrypt','Tony Stark','Tony','Stark','1',NULL,NULL,'en',NULL,NULL,1,'e571013b664d000572cf5af3dfa6d3e9',NULL,0),('4aaf5eaaff665c9b229b9016eb961834','2019-05-07 14:21:05.843','admin',2,'2019-05-07 14:21:16.597','admin',NULL,NULL,'1000-01-01 00:00:00.000','WindMW','windmw','$2a$10$ZvXVgqYBECgWbTD1zSF2DO93R424naljSR.4FO/R1Risn8J3fZEVa','bcrypt','WindMW',NULL,'WindMW',NULL,NULL,NULL,'en',NULL,NULL,1,'3fb8253858944520317fb13144db9eb4',NULL,0),('7c0416f6b4dacb7b64e53a0c15bd40de','2016-05-09 11:16:10.548','admin',4,'2019-02-25 20:04:46.034','dent',NULL,NULL,'1000-01-01 00:00:00.000','dent','dent','$2a$10$16TR5zmmgpdSF3DYcrlDnOVfH3SJAkxf8T/hewyfDGSOSA2ISi6tu','bcrypt','Arthur Dent','Arthur','Dent','2',NULL,NULL,'en',NULL,1,1,'1f02f531d6d99abdff0d4a64a47d5486',NULL,0);
/*!40000 ALTER TABLE `SEC_USER` ENABLE KEYS */;
UNLOCK TABLES;

--
-- Dumping data for table `SEC_USER_ROLE`
--
-- WHERE:  created_by is not NULL and delete_ts is null

LOCK TABLES `SEC_USER_ROLE` WRITE;
/*!40000 ALTER TABLE `SEC_USER_ROLE` DISABLE KEYS */;
INSERT INTO `SEC_USER_ROLE` VALUES ('21c0894e26c148a4b150eaef13a829b5','2019-02-25 20:01:45.973','admin',1,'2019-02-25 20:01:45.973',NULL,NULL,NULL,'1000-01-01 00:00:00.000','7c0416f6b4dacb7b64e53a0c15bd40de','d031a35d409980c307b5a0c851c57d1d'),('caecb9c5bf16eea2dce4d415d8a3b9bf','2019-05-07 14:21:06.249','admin',1,'2019-05-07 14:21:06.249',NULL,NULL,NULL,'1000-01-01 00:00:00.000','4aaf5eaaff665c9b229b9016eb961834','a395948311fb015bc179cb1930d1d611'),('ccd9de5a95948ac69c5f2f9879197cad','2019-05-07 14:21:06.249','admin',1,'2019-05-07 14:21:06.249',NULL,NULL,NULL,'1000-01-01 00:00:00.000','4aaf5eaaff665c9b229b9016eb961834','50e7762e624baa1d69752f773a735c15'),('f3709f2d70e06ce353ed8b254d4d7cb8','2019-02-24 21:38:01.234','admin',1,'2019-02-24 21:38:01.234',NULL,NULL,NULL,'1000-01-01 00:00:00.000','2c537f196039a63ed57fa46558dbb547','a395948311fb015bc179cb1930d1d611');
/*!40000 ALTER TABLE `SEC_USER_ROLE` ENABLE KEYS */;
UNLOCK TABLES;
/*!40103 SET TIME_ZONE=@OLD_TIME_ZONE */;

/*!40101 SET SQL_MODE=@OLD_SQL_MODE */;
/*!40014 SET FOREIGN_KEY_CHECKS=@OLD_FOREIGN_KEY_CHECKS */;
/*!40014 SET UNIQUE_CHECKS=@OLD_UNIQUE_CHECKS */;
/*!40101 SET CHARACTER_SET_CLIENT=@OLD_CHARACTER_SET_CLIENT */;
/*!40101 SET CHARACTER_SET_RESULTS=@OLD_CHARACTER_SET_RESULTS */;
/*!40101 SET COLLATION_CONNECTION=@OLD_COLLATION_CONNECTION */;
/*!40111 SET SQL_NOTES=@OLD_SQL_NOTES */;

-- Dump completed on 2019-05-07 15:18:16
