-- MySQL dump 10.13  Distrib 5.7.25, for Win64 (x86_64)
--
-- Host: localhost    Database: lineup
-- ------------------------------------------------------
-- Server version	5.7.25-log

/*!40101 SET @OLD_CHARACTER_SET_CLIENT=@@CHARACTER_SET_CLIENT */;
/*!40101 SET @OLD_CHARACTER_SET_RESULTS=@@CHARACTER_SET_RESULTS */;
/*!40101 SET @OLD_COLLATION_CONNECTION=@@COLLATION_CONNECTION */;
/*!40101 SET NAMES utf8 */;
/*!40103 SET @OLD_TIME_ZONE=@@TIME_ZONE */;
/*!40103 SET TIME_ZONE='+00:00' */;
/*!40014 SET @OLD_UNIQUE_CHECKS=@@UNIQUE_CHECKS, UNIQUE_CHECKS=0 */;
/*!40014 SET @OLD_FOREIGN_KEY_CHECKS=@@FOREIGN_KEY_CHECKS, FOREIGN_KEY_CHECKS=0 */;
/*!40101 SET @OLD_SQL_MODE=@@SQL_MODE, SQL_MODE='NO_AUTO_VALUE_ON_ZERO' */;
/*!40111 SET @OLD_SQL_NOTES=@@SQL_NOTES, SQL_NOTES=0 */;

--
-- Dumping data for table `LINEUP_MODE_OF_TRANSFER`
--
-- WHERE:  created_by is not NULL and delete_ts is null

LOCK TABLES `LINEUP_MODE_OF_TRANSFER` WRITE;
/*!40000 ALTER TABLE `LINEUP_MODE_OF_TRANSFER` DISABLE KEYS */;
INSERT INTO `LINEUP_MODE_OF_TRANSFER` VALUES ('60db4f287597ef51fbf2acb1e2688f2f',1,'2018-12-30 22:18:51.414','admin','2018-12-30 22:18:51.414',NULL,NULL,NULL,'CTV'),('e8366f67f3ebc517e9155fd539d121bc',1,'2018-12-30 22:18:47.024','admin','2018-12-30 22:18:47.024',NULL,NULL,NULL,'Heli');
/*!40000 ALTER TABLE `LINEUP_MODE_OF_TRANSFER` ENABLE KEYS */;
UNLOCK TABLES;

--
-- Dumping data for table `LINEUP_CRAFT_TYPE`
--
-- WHERE:  created_by is not NULL and delete_ts is null

LOCK TABLES `LINEUP_CRAFT_TYPE` WRITE;
/*!40000 ALTER TABLE `LINEUP_CRAFT_TYPE` DISABLE KEYS */;
INSERT INTO `LINEUP_CRAFT_TYPE` VALUES ('0da93a67f751af3a0523f09087cd0a93',2,'2018-12-30 22:35:29.115','qwe','2019-01-01 14:18:27.079','qwe',NULL,NULL,2,'AW139',12,270,NULL,NULL,'e8366f67f3ebc517e9155fd539d121bc'),('639f7d2a6f25c112eef75a07f7a9cf45',1,'2018-12-30 22:36:30.272','qwe','2018-12-30 22:36:30.272',NULL,NULL,NULL,2,'Damen CTV',18,2000,NULL,NULL,'60db4f287597ef51fbf2acb1e2688f2f'),('cac9ed9a115cf0848d5fb736f730a451',1,'2018-12-30 22:36:03.262','qwe','2018-12-30 22:36:03.262',NULL,NULL,NULL,2,'AW76',10,1000,1000,1200,'e8366f67f3ebc517e9155fd539d121bc');
/*!40000 ALTER TABLE `LINEUP_CRAFT_TYPE` ENABLE KEYS */;
UNLOCK TABLES;

--
-- Dumping data for table `LINEUP_SITE_CATEGORY`
--
-- WHERE:  created_by is not NULL and delete_ts is null

LOCK TABLES `LINEUP_SITE_CATEGORY` WRITE;
/*!40000 ALTER TABLE `LINEUP_SITE_CATEGORY` DISABLE KEYS */;
INSERT INTO `LINEUP_SITE_CATEGORY` VALUES ('5dbb2eae4bc75e0ba3699b5c82170099',1,'2018-12-31 10:08:58.364','qwe','2018-12-31 10:08:58.364',NULL,NULL,NULL,'Airport'),('9ca9707879b0ed45262ee28d4500634e',2,'2018-12-31 10:08:51.850','qwe','2019-02-24 09:07:22.646','test_admin',NULL,NULL,'Helideck');
/*!40000 ALTER TABLE `LINEUP_SITE_CATEGORY` ENABLE KEYS */;
UNLOCK TABLES;

--
-- Dumping data for table `LINEUP_SITE`
--
-- WHERE:  created_by is not NULL and delete_ts is null

LOCK TABLES `LINEUP_SITE` WRITE;
/*!40000 ALTER TABLE `LINEUP_SITE` DISABLE KEYS */;
INSERT INTO `LINEUP_SITE` VALUES ('00a4d1b6f550081d1ac25a3b995081e7',1,'2019-02-24 09:07:22.677','test_admin','2019-02-24 09:07:22.677',NULL,NULL,NULL,'alpha ventus','9ca9707879b0ed45262ee28d4500634e',54,6.62777777777778,'EDYV',NULL,NULL,NULL),('095af7f95504a466f2f31d6285726fe6',1,'2019-02-24 09:07:22.724','test_admin','2019-02-24 09:07:22.724',NULL,NULL,NULL,'Borkum Riffgrund 1','9ca9707879b0ed45262ee28d4500634e',53.9736111111111,6.57611111111111,'EDYB',NULL,NULL,NULL),('1213ee8be0d6d86ce35155ea16077f80',1,'2019-02-24 09:07:22.896','test_admin','2019-02-24 09:07:22.896',NULL,NULL,NULL,'SylWin alpha','9ca9707879b0ed45262ee28d4500634e',55.0705555555556,7.24611111111111,'',NULL,NULL,NULL),('1db364665ac81c55d52837b074a3dff1',1,'2019-01-01 13:50:07.096','qwe','2019-01-01 13:50:07.096',NULL,NULL,NULL,'DolWin beta','9ca9707879b0ed45262ee28d4500634e',53.9858,6.9319,'DWBE',NULL,NULL,NULL),('1f6c3a2bbaf0c594fca448bd7a416bc8',1,'2019-02-24 09:07:22.865','test_admin','2019-02-24 09:07:22.865',NULL,NULL,NULL,'Merkur','9ca9707879b0ed45262ee28d4500634e',54.04,6.56833333333333,'',NULL,NULL,NULL),('247f29367a56014e636f6d4edcd1b54e',1,'2019-02-24 09:07:22.709','test_admin','2019-02-24 09:07:22.709',NULL,NULL,NULL,'Amrumbank West','9ca9707879b0ed45262ee28d4500634e',54.5219444444444,7.73583333333333,'EDYA',NULL,NULL,NULL),('263f7e03a9358a846b2e27c2f2697f8d',1,'2019-02-24 09:07:22.771','test_admin','2019-02-24 09:07:22.771',NULL,NULL,NULL,'DanTysk','9ca9707879b0ed45262ee28d4500634e',55.1266666666667,7.23388888888889,'EKDT',NULL,NULL,NULL),('43253600ed87943101f7ce5e4fbe5ec3',1,'2019-01-01 13:42:12.806','qwe','2019-01-01 13:42:12.806',NULL,NULL,NULL,'Husum','5dbb2eae4bc75e0ba3699b5c82170099',54.5083452,9.1303844,'EDXJ',NULL,NULL,NULL),('46d6f3faa5470aa66e3f4c0c8a319d0a',1,'2019-02-24 09:07:22.755','test_admin','2019-02-24 09:07:22.755',NULL,NULL,NULL,'Butendiek','9ca9707879b0ed45262ee28d4500634e',55.0213888888889,7.81055555555556,'EKBU',NULL,NULL,NULL),('538555feceffd1823c28c59143fd6a9b',1,'2019-02-24 09:07:22.802','test_admin','2019-02-24 09:07:22.802',NULL,NULL,NULL,'Global Tech1','9ca9707879b0ed45262ee28d4500634e',54.5225,6.36972222222222,'EHHI',NULL,NULL,NULL),('61543ebd09dbcf712437f09e015bc86b',1,'2019-02-24 09:07:22.865','test_admin','2019-02-24 09:07:22.865',NULL,NULL,NULL,'Meerwind S/O','9ca9707879b0ed45262ee28d4500634e',54.41,7.71055555555556,'EDYM',NULL,NULL,NULL),('74929e9920e60798c29668832ee04653',1,'2019-02-24 09:07:22.740','test_admin','2019-02-24 09:07:22.740',NULL,NULL,NULL,'Borkum Riffgrund 2','9ca9707879b0ed45262ee28d4500634e',53.9616666666667,6.47916666666667,'',NULL,NULL,NULL),('7725dba3788c2c8b1e6882f72a5b5e53',1,'2019-02-24 09:07:22.787','test_admin','2019-02-24 09:07:22.787',NULL,NULL,NULL,'Fino 3','9ca9707879b0ed45262ee28d4500634e',55.2025,7.16361111111111,'',NULL,NULL,NULL),('7dd1aa8020076940b5e86e674ce40a53',1,'2019-02-24 09:07:22.724','test_admin','2019-02-24 09:07:22.724',NULL,NULL,NULL,'Bard1','9ca9707879b0ed45262ee28d4500634e',54.3527777777778,6.01666666666667,'',NULL,NULL,NULL),('82178ae81feb709ee159c95fbe1db2f0',1,'2019-02-24 09:07:22.896','test_admin','2019-02-24 09:07:22.896',NULL,NULL,NULL,'Sandbank','9ca9707879b0ed45262ee28d4500634e',55.2094444444444,6.85805555555556,'EKSF',NULL,NULL,NULL),('867f9fccb9ca563eca43a6a0af5e0e50',1,'2019-02-24 09:07:22.912','test_admin','2019-02-24 09:07:22.912',NULL,NULL,NULL,'Trianel Windpark Borkum','9ca9707879b0ed45262ee28d4500634e',54.0555555555556,6.46666666666667,'',NULL,NULL,NULL),('8968265ac4b5de7e865af63b13b7cb27',1,'2019-02-24 09:07:22.771','test_admin','2019-02-24 09:07:22.771',NULL,NULL,NULL,'Fino 1','9ca9707879b0ed45262ee28d4500634e',54.025,6.59055555555556,'',NULL,NULL,NULL),('8e1f539f72cac01c7ac63b78f8108569',1,'2019-02-24 09:07:22.755','test_admin','2019-02-24 09:07:22.755',NULL,NULL,NULL,'BorWin alpha','9ca9707879b0ed45262ee28d4500634e',54.3569444444444,6.03055555555556,'EHHJ',NULL,NULL,NULL),('960e79a3d9a467639a825bdcf5b21085',3,'2019-01-01 13:39:19.985','qwe','2019-01-01 14:27:37.406','qwe',NULL,NULL,'Emden','5dbb2eae4bc75e0ba3699b5c82170099',53.38893,7.2263314,'EMDE',NULL,NULL,NULL),('a62fc5c286caf5aebcdc19a957825d82',1,'2019-02-24 09:07:22.834','test_admin','2019-02-24 09:07:22.834',NULL,NULL,NULL,'HelWin alpha','9ca9707879b0ed45262ee28d4500634e',54.4536111111111,7.74444444444444,'EDYH',NULL,NULL,NULL),('abf41c266717dd74ef47d6dc9788a018',8,'2018-12-30 22:38:41.954','qwe','2019-01-01 13:42:22.981','qwe',NULL,NULL,'BorWin beta','9ca9707879b0ed45262ee28d4500634e',54.3586,6.0169,'BWBE',NULL,NULL,'9ca9707879b0ed45262ee28d4500634e'),('b6ff24644e64828081645f194750aff3',1,'2019-02-24 09:07:22.849','test_admin','2019-02-24 09:07:22.849',NULL,NULL,NULL,'Hohe See','9ca9707879b0ed45262ee28d4500634e',54.4519444444444,6.335,'',NULL,NULL,NULL),('c8cca9e272266392c6848926bb7ff496',1,'2019-02-24 09:07:22.927','test_admin','2019-02-24 09:07:22.927',NULL,NULL,NULL,'Wikinger','9ca9707879b0ed45262ee28d4500634e',54.835,14.0794444444444,'EDYW',NULL,NULL,NULL),('d57584c94a0424fbe5b19d3e0491ec61',1,'2019-02-24 09:07:22.834','test_admin','2019-02-24 09:07:22.834',NULL,NULL,NULL,'Gode Wind 02','9ca9707879b0ed45262ee28d4500634e',54.0594444444444,7.04166666666667,'EDYZ',NULL,NULL,NULL),('d7b14c9660f3940763a6621a483589e1',2,'2019-01-01 13:49:25.912','qwe','2019-01-01 14:27:24.887','qwe',NULL,NULL,'DolWin alpha','9ca9707879b0ed45262ee28d4500634e',54.0061,6.4236,'DWAL',NULL,NULL,NULL),('e08c89c2a8530645e6f2486ee5b96378',1,'2019-02-24 09:07:22.802','test_admin','2019-02-24 09:07:22.802',NULL,NULL,NULL,'Gemini','9ca9707879b0ed45262ee28d4500634e',54.0391666666667,6.0475,'',NULL,NULL,NULL),('e308a7d43fbf04fe6cadaf1815e73962',1,'2019-02-24 09:07:22.912','test_admin','2019-02-24 09:07:22.912',NULL,NULL,NULL,'Veja Mate','9ca9707879b0ed45262ee28d4500634e',54.3258333333333,5.89222222222222,'EHGL',NULL,NULL,NULL),('e9cc4069852d705fbcd1cef4582f5e32',1,'2019-02-24 09:07:22.880','test_admin','2019-02-24 09:07:22.880',NULL,NULL,NULL,'Nordsee One','9ca9707879b0ed45262ee28d4500634e',53.9927777777778,6.83805555555556,'EDYN',NULL,NULL,NULL),('fdfa0c5203e46dca8ff0b4f3cc476e93',1,'2019-02-24 09:07:22.818','test_admin','2019-02-24 09:07:22.818',NULL,NULL,NULL,'Gode Wind 01','9ca9707879b0ed45262ee28d4500634e',54.0302777777778,7.01472222222222,'EDYG',NULL,NULL,NULL),('ffc39fd5f7766b43e2fc3e69c0aba1b3',1,'2019-02-24 09:07:22.880','test_admin','2019-02-24 09:07:22.880',NULL,NULL,NULL,'Riffgat','9ca9707879b0ed45262ee28d4500634e',53.6958333333333,6.48361111111111,'EHNR',NULL,NULL,NULL);
/*!40000 ALTER TABLE `LINEUP_SITE` ENABLE KEYS */;
UNLOCK TABLES;

--
-- Dumping data for table `LINEUP_FAVORITE_TRIP`
--
-- WHERE:  created_by is not NULL and delete_ts is null

LOCK TABLES `LINEUP_FAVORITE_TRIP` WRITE;
/*!40000 ALTER TABLE `LINEUP_FAVORITE_TRIP` DISABLE KEYS */;
INSERT INTO `LINEUP_FAVORITE_TRIP` VALUES ('5ec11f27fcf4d27698f13c18745feba3',1,'2019-05-07 15:12:03.184','WindMW','2019-05-07 15:12:03.184',NULL,NULL,NULL,3,'960e79a3d9a467639a825bdcf5b21085',NULL,'d57584c94a0424fbe5b19d3e0491ec61',1,1,NULL),('60397e7d1d4b552a891b901680af5630',1,'2019-05-07 15:11:12.547','WindMW','2019-05-07 15:11:12.547',NULL,NULL,NULL,3,'960e79a3d9a467639a825bdcf5b21085',NULL,'fdfa0c5203e46dca8ff0b4f3cc476e93',1,1,NULL),('7e3102982bb652387b5950babeb626ae',1,'2019-05-07 15:16:24.912','stark','2019-05-07 15:16:24.912',NULL,NULL,NULL,1,'960e79a3d9a467639a825bdcf5b21085',NULL,'538555feceffd1823c28c59143fd6a9b',1,1,NULL);
/*!40000 ALTER TABLE `LINEUP_FAVORITE_TRIP` ENABLE KEYS */;
UNLOCK TABLES;
/*!40103 SET TIME_ZONE=@OLD_TIME_ZONE */;

/*!40101 SET SQL_MODE=@OLD_SQL_MODE */;
/*!40014 SET FOREIGN_KEY_CHECKS=@OLD_FOREIGN_KEY_CHECKS */;
/*!40014 SET UNIQUE_CHECKS=@OLD_UNIQUE_CHECKS */;
/*!40101 SET CHARACTER_SET_CLIENT=@OLD_CHARACTER_SET_CLIENT */;
/*!40101 SET CHARACTER_SET_RESULTS=@OLD_CHARACTER_SET_RESULTS */;
/*!40101 SET COLLATION_CONNECTION=@OLD_COLLATION_CONNECTION */;
/*!40111 SET SQL_NOTES=@OLD_SQL_NOTES */;

-- Dump completed on 2019-05-07 15:18:16
